a_i,ES3,ES2
-3.5,0.000669568,2.87991e-18
-3,5.54976e-18,0.00141838
-0.5,0.0205289,4.43981e-17
0,1.11022e-16,0.120238
0.5,0.0205289,6.66242e-17
3,5.54976e-18,0.00141838
3.5,0.000669568,1.67577e-17
